INSERT IGNORE INTO roles (id, role_name, description, created_at, updated_at) VALUES (1, 'ADMIN', 'ADMIN role', NOW(), NOW());
INSERT IGNORE INTO roles (id, role_name, description, created_at, updated_at) VALUES (2, 'MANAGER', 'MANAGER role', NOW(), NOW());
INSERT IGNORE INTO roles (id, role_name, description, created_at, updated_at) VALUES (3, 'WAREHOUSE_MANAGER', 'WAREHOUSE_MANAGER role', NOW(), NOW());
INSERT IGNORE INTO roles (id, role_name, description, created_at, updated_at) VALUES (4, 'STAFF', 'STAFF role', NOW(), NOW());
INSERT IGNORE INTO warehouses (id, warehouse_code, warehouse_name, location, created_at, updated_at) VALUES (1, 'TS-HCM-01', 'TechStock Saigon Hub', 'Lot B12, Tan Binh Industrial Park, Ho Chi Minh City', NOW(), NOW());
INSERT IGNORE INTO warehouses (id, warehouse_code, warehouse_name, location, created_at, updated_at) VALUES (2, 'TS-HN-01', 'TechStock Hanoi Center', 'No. 88 Pham Hung Street, Nam Tu Liem, Hanoi', NOW(), NOW());
INSERT IGNORE INTO warehouses (id, warehouse_code, warehouse_name, location, created_at, updated_at) VALUES (3, 'TS-DN-01', 'TechStock Danang Depot', 'FPT Complex, Ngu Hanh Son District, Da Nang', NOW(), NOW());
INSERT IGNORE INTO users (id, username, password, email, full_name, phone_number, department, is_deleted, role_id, warehouse_id, created_at, updated_at) VALUES (1, 'at0', '$2a$10$SZIRB.fQHdkYryp.7Akn7.Mye33vWyzDNG/va5eb4qMWOy73XuiGe', 'at0@techstock.com', 'Alex Tran', '0123456789', 'System Administrator', false, 1, NULL, NOW(), NOW());
INSERT IGNORE INTO users (id, username, password, email, full_name, phone_number, department, is_deleted, role_id, warehouse_id, created_at, updated_at) VALUES (2, 'dp1', '$2a$10$SZIRB.fQHdkYryp.7Akn7.Mye33vWyzDNG/va5eb4qMWOy73XuiGe', 'dp1@techstock.com', 'Diana Pham', '0123456789', 'Operations Manager', false, 2, NULL, NOW(), NOW());
INSERT IGNORE INTO users (id, username, password, email, full_name, phone_number, department, is_deleted, role_id, warehouse_id, created_at, updated_at) VALUES (3, 'mq2', '$2a$10$SZIRB.fQHdkYryp.7Akn7.Mye33vWyzDNG/va5eb4qMWOy73XuiGe', 'mq2@techstock.com', 'Minh Quan', '0123456789', 'Warehouse Manager — HCM', false, 3, 1, NOW(), NOW());
INSERT IGNORE INTO users (id, username, password, email, full_name, phone_number, department, is_deleted, role_id, warehouse_id, created_at, updated_at) VALUES (4, 'hy3', '$2a$10$SZIRB.fQHdkYryp.7Akn7.Mye33vWyzDNG/va5eb4qMWOy73XuiGe', 'hy3@techstock.com', 'Hoang Yen', '0123456789', 'Warehouse Manager — HN', false, 3, 2, NOW(), NOW());
INSERT IGNORE INTO users (id, username, password, email, full_name, phone_number, department, is_deleted, role_id, warehouse_id, created_at, updated_at) VALUES (5, 'hl4', '$2a$10$SZIRB.fQHdkYryp.7Akn7.Mye33vWyzDNG/va5eb4qMWOy73XuiGe', 'hl4@techstock.com', 'Hoai Linh', '0123456789', 'Inventory Staff', false, 4, 1, NOW(), NOW());
INSERT IGNORE INTO users (id, username, password, email, full_name, phone_number, department, is_deleted, role_id, warehouse_id, created_at, updated_at) VALUES (6, 'tp5', '$2a$10$SZIRB.fQHdkYryp.7Akn7.Mye33vWyzDNG/va5eb4qMWOy73XuiGe', 'tp5@techstock.com', 'Tan Phong', '0123456789', 'Inventory Staff', false, 4, 1, NOW(), NOW());
INSERT IGNORE INTO users (id, username, password, email, full_name, phone_number, department, is_deleted, role_id, warehouse_id, created_at, updated_at) VALUES (7, 'bt6', '$2a$10$SZIRB.fQHdkYryp.7Akn7.Mye33vWyzDNG/va5eb4qMWOy73XuiGe', 'bt6@techstock.com', 'Bao Tran', '0123456789', 'Warehouse Accountant', false, 4, 2, NOW(), NOW());
INSERT IGNORE INTO users (id, username, password, email, full_name, phone_number, department, is_deleted, role_id, warehouse_id, created_at, updated_at) VALUES (8, 'vk7', '$2a$10$SZIRB.fQHdkYryp.7Akn7.Mye33vWyzDNG/va5eb4qMWOy73XuiGe', 'vk7@techstock.com', 'Van Khoa', '0123456789', 'Loader', false, 4, 2, NOW(), NOW());
INSERT IGNORE INTO users (id, username, password, email, full_name, phone_number, department, is_deleted, role_id, warehouse_id, created_at, updated_at) VALUES (9, 'ka8', '$2a$10$SZIRB.fQHdkYryp.7Akn7.Mye33vWyzDNG/va5eb4qMWOy73XuiGe', 'ka8@techstock.com', 'Kim Anh', '0123456789', 'Inventory Staff', false, 4, 3, NOW(), NOW());
INSERT IGNORE INTO users (id, username, password, email, full_name, phone_number, department, is_deleted, role_id, warehouse_id, created_at, updated_at) VALUES (10, 'dh9', '$2a$10$SZIRB.fQHdkYryp.7Akn7.Mye33vWyzDNG/va5eb4qMWOy73XuiGe', 'dh9@techstock.com', 'Duc Huy', '0123456789', 'Loader', false, 4, 3, NOW(), NOW());
INSERT IGNORE INTO categories (id, category_name, description, is_deleted, created_at, updated_at) VALUES (1, 'CPU', 'CPU category', false, NOW(), NOW());
INSERT IGNORE INTO categories (id, category_name, description, is_deleted, created_at, updated_at) VALUES (2, 'GPU', 'GPU category', false, NOW(), NOW());
INSERT IGNORE INTO categories (id, category_name, description, is_deleted, created_at, updated_at) VALUES (3, 'RAM', 'RAM category', false, NOW(), NOW());
INSERT IGNORE INTO categories (id, category_name, description, is_deleted, created_at, updated_at) VALUES (4, 'SSD', 'SSD category', false, NOW(), NOW());
INSERT IGNORE INTO categories (id, category_name, description, is_deleted, created_at, updated_at) VALUES (5, 'Mainboard', 'Mainboard category', false, NOW(), NOW());
INSERT IGNORE INTO categories (id, category_name, description, is_deleted, created_at, updated_at) VALUES (6, 'PSU', 'PSU category', false, NOW(), NOW());
INSERT IGNORE INTO categories (id, category_name, description, is_deleted, created_at, updated_at) VALUES (7, 'Case', 'Case category', false, NOW(), NOW());
INSERT IGNORE INTO categories (id, category_name, description, is_deleted, created_at, updated_at) VALUES (8, 'Cooling', 'Cooling category', false, NOW(), NOW());
INSERT IGNORE INTO categories (id, category_name, description, is_deleted, created_at, updated_at) VALUES (9, 'Laptop', 'Laptop category', false, NOW(), NOW());
INSERT IGNORE INTO suppliers (id, name, email, phone_number, address, status, country, created_at, updated_at) VALUES (1, 'FPT Distribution', 'sales@fpt-dist.vn', '+84 28 7300 2222', 'Address', 'ACTIVE', 'Vietnam', NOW(), NOW());
INSERT IGNORE INTO suppliers (id, name, email, phone_number, address, status, country, created_at, updated_at) VALUES (2, 'Samsung Vietnam', 'b2b@samsung.vn', '+84 24 3795 5555', 'Address', 'ACTIVE', 'Vietnam', NOW(), NOW());
INSERT IGNORE INTO suppliers (id, name, email, phone_number, address, status, country, created_at, updated_at) VALUES (3, 'MSI Vietnam', 'partner@msi.vn', '+84 28 3823 1010', 'Address', 'ACTIVE', 'Vietnam', NOW(), NOW());
INSERT IGNORE INTO suppliers (id, name, email, phone_number, address, status, country, created_at, updated_at) VALUES (4, 'Corsair APAC', 'apac@corsair.com', '+65 6100 9080', 'Address', 'ACTIVE', 'Singapore', NOW(), NOW());
INSERT IGNORE INTO suppliers (id, name, email, phone_number, address, status, country, created_at, updated_at) VALUES (5, 'Lian Li Industrial', 'sales@lian-li.com', '+886 2 2999 8888', 'Address', 'ACTIVE', 'Taiwan', NOW(), NOW());
INSERT IGNORE INTO suppliers (id, name, email, phone_number, address, status, country, created_at, updated_at) VALUES (6, 'ASUS Vietnam', 'b2b@asus.vn', '+84 28 3636 1212', 'Address', 'ACTIVE', 'Vietnam', NOW(), NOW());
INSERT IGNORE INTO suppliers (id, name, email, phone_number, address, status, country, created_at, updated_at) VALUES (7, 'Western Digital APAC', 'apac@wdc.com', '+65 6234 7700', 'Address', 'ACTIVE', 'Singapore', NOW(), NOW());
INSERT IGNORE INTO suppliers (id, name, email, phone_number, address, status, country, created_at, updated_at) VALUES (8, 'Noctua GmbH', 'b2b@noctua.at', '+43 1 4090 800', 'Address', 'ACTIVE', 'Austria', NOW(), NOW());
INSERT IGNORE INTO suppliers (id, name, email, phone_number, address, status, country, created_at, updated_at) VALUES (9, 'Gigabyte Vietnam', 'vn@gigabyte.com', '+84 28 3812 9988', 'Address', 'ACTIVE', 'Vietnam', NOW(), NOW());
INSERT IGNORE INTO suppliers (id, name, email, phone_number, address, status, country, created_at, updated_at) VALUES (10, 'G.Skill International', 'sales@gskill.com', '+886 2 8226 5000', 'Address', 'ACTIVE', 'Taiwan', NOW(), NOW());
INSERT IGNORE INTO suppliers (id, name, email, phone_number, address, status, country, created_at, updated_at) VALUES (11, 'Lenovo Vietnam', 'b2b@lenovo.vn', '+84 28 3939 2020', 'Address', 'ACTIVE', 'Vietnam', NOW(), NOW());
INSERT IGNORE INTO suppliers (id, name, email, phone_number, address, status, country, created_at, updated_at) VALUES (12, 'NVIDIA Partner Hub', 'partners@nvidia.com', '+82 2 555 1212', 'Address', 'ACTIVE', 'Korea', NOW(), NOW());
INSERT IGNORE INTO products (id, product_code, product_name, specification, price, is_deleted, status, category_id, supplier_id, created_at, updated_at) VALUES (1, 'CPU-INT-14700K', 'Intel Core i7-14700K', 'Intel', 10990000, false, 'IN_STOCK', 1, 1, NOW(), NOW());
INSERT IGNORE INTO products (id, product_code, product_name, specification, price, is_deleted, status, category_id, supplier_id, created_at, updated_at) VALUES (2, 'CPU-AMD-7800X3D', 'AMD Ryzen 7 7800X3D', 'AMD', 11490000, false, 'IN_STOCK', 1, 1, NOW(), NOW());
INSERT IGNORE INTO products (id, product_code, product_name, specification, price, is_deleted, status, category_id, supplier_id, created_at, updated_at) VALUES (3, 'GPU-NV-RTX4080S', 'NVIDIA RTX 4080 Super FE', 'NVIDIA', 29990000, false, 'IN_STOCK', 2, 12, NOW(), NOW());
INSERT IGNORE INTO products (id, product_code, product_name, specification, price, is_deleted, status, category_id, supplier_id, created_at, updated_at) VALUES (4, 'GPU-NV-RTX4070', 'ASUS Dual RTX 4070', 'ASUS', 16990000, false, 'IN_STOCK', 2, 6, NOW(), NOW());
INSERT IGNORE INTO products (id, product_code, product_name, specification, price, is_deleted, status, category_id, supplier_id, created_at, updated_at) VALUES (5, 'RAM-COR-32G-6000', 'Corsair Vengeance 32GB DDR5 6000', 'Corsair', 2890000, false, 'IN_STOCK', 3, 4, NOW(), NOW());
INSERT IGNORE INTO products (id, product_code, product_name, specification, price, is_deleted, status, category_id, supplier_id, created_at, updated_at) VALUES (6, 'RAM-GSK-16G-5600', 'G.Skill Trident Z5 16GB DDR5 5600', 'G.Skill', 1690000, false, 'IN_STOCK', 3, 10, NOW(), NOW());
INSERT IGNORE INTO products (id, product_code, product_name, specification, price, is_deleted, status, category_id, supplier_id, created_at, updated_at) VALUES (7, 'SSD-SAM-990P-2T', 'Samsung 990 Pro 2TB NVMe', 'Samsung', 4590000, false, 'IN_STOCK', 4, 2, NOW(), NOW());
INSERT IGNORE INTO products (id, product_code, product_name, specification, price, is_deleted, status, category_id, supplier_id, created_at, updated_at) VALUES (8, 'SSD-WD-SN850X-1T', 'WD Black SN850X 1TB', 'Western Digital', 2690000, false, 'IN_STOCK', 4, 7, NOW(), NOW());
INSERT IGNORE INTO products (id, product_code, product_name, specification, price, is_deleted, status, category_id, supplier_id, created_at, updated_at) VALUES (9, 'MB-MSI-Z790-EDGE', 'MSI MPG Z790 Edge WiFi', 'MSI', 9590000, false, 'IN_STOCK', 5, 3, NOW(), NOW());
INSERT IGNORE INTO products (id, product_code, product_name, specification, price, is_deleted, status, category_id, supplier_id, created_at, updated_at) VALUES (10, 'MB-GBT-B650E', 'Gigabyte B650E Aorus Elite', 'Gigabyte', 6790000, false, 'IN_STOCK', 5, 9, NOW(), NOW());
INSERT IGNORE INTO products (id, product_code, product_name, specification, price, is_deleted, status, category_id, supplier_id, created_at, updated_at) VALUES (11, 'PSU-COR-RM850X', 'Corsair RM850x 80+ Gold', 'Corsair', 3990000, false, 'IN_STOCK', 6, 4, NOW(), NOW());
INSERT IGNORE INTO products (id, product_code, product_name, specification, price, is_deleted, status, category_id, supplier_id, created_at, updated_at) VALUES (12, 'CASE-LL-O11D', 'Lian Li O11 Dynamic Evo', 'Lian Li', 4590000, false, 'IN_STOCK', 7, 5, NOW(), NOW());
INSERT IGNORE INTO products (id, product_code, product_name, specification, price, is_deleted, status, category_id, supplier_id, created_at, updated_at) VALUES (13, 'COOL-NOC-D15', 'Noctua NH-D15 chromax.black', 'Noctua', 2890000, false, 'IN_STOCK', 8, 8, NOW(), NOW());
INSERT IGNORE INTO products (id, product_code, product_name, specification, price, is_deleted, status, category_id, supplier_id, created_at, updated_at) VALUES (14, 'LAP-LEN-LOQ15', 'Lenovo LOQ 15 i7 RTX 4060', 'Lenovo', 27990000, false, 'IN_STOCK', 9, 11, NOW(), NOW());
INSERT IGNORE INTO inventories (id, quantity, product_id, warehouse_id, created_at, updated_at) VALUES (1, 42, 1, 1, NOW(), NOW());
INSERT IGNORE INTO inventories (id, quantity, product_id, warehouse_id, created_at, updated_at) VALUES (2, 18, 2, 1, NOW(), NOW());
INSERT IGNORE INTO inventories (id, quantity, product_id, warehouse_id, created_at, updated_at) VALUES (3, 7, 3, 1, NOW(), NOW());
INSERT IGNORE INTO inventories (id, quantity, product_id, warehouse_id, created_at, updated_at) VALUES (4, 24, 4, 2, NOW(), NOW());
INSERT IGNORE INTO inventories (id, quantity, product_id, warehouse_id, created_at, updated_at) VALUES (5, 86, 5, 1, NOW(), NOW());
INSERT IGNORE INTO inventories (id, quantity, product_id, warehouse_id, created_at, updated_at) VALUES (6, 54, 6, 2, NOW(), NOW());
INSERT IGNORE INTO inventories (id, quantity, product_id, warehouse_id, created_at, updated_at) VALUES (7, 31, 7, 1, NOW(), NOW());
INSERT IGNORE INTO inventories (id, quantity, product_id, warehouse_id, created_at, updated_at) VALUES (8, 12, 8, 3, NOW(), NOW());
INSERT IGNORE INTO inventories (id, quantity, product_id, warehouse_id, created_at, updated_at) VALUES (9, 16, 9, 1, NOW(), NOW());
INSERT IGNORE INTO inventories (id, quantity, product_id, warehouse_id, created_at, updated_at) VALUES (10, 22, 10, 2, NOW(), NOW());
INSERT IGNORE INTO inventories (id, quantity, product_id, warehouse_id, created_at, updated_at) VALUES (11, 28, 11, 1, NOW(), NOW());
INSERT IGNORE INTO inventories (id, quantity, product_id, warehouse_id, created_at, updated_at) VALUES (12, 9, 12, 3, NOW(), NOW());
INSERT IGNORE INTO inventories (id, quantity, product_id, warehouse_id, created_at, updated_at) VALUES (13, 19, 13, 2, NOW(), NOW());
INSERT IGNORE INTO inventories (id, quantity, product_id, warehouse_id, created_at, updated_at) VALUES (14, 6, 14, 1, NOW(), NOW());
INSERT IGNORE INTO warehouse_receipts (id, receipt_type, receipt_status, remark, user_id, warehouse_id, created_at, updated_at) VALUES (1, 'INBOUND', 'APPROVED', 'Movement MV-2410', 3, 1, '2026-06-24 10:00:00', '2026-06-24 10:00:00');
INSERT IGNORE INTO receipt_details (id, quantity, price, product_id, receipt_id, created_at, updated_at) VALUES (1, 10, 29990000, 3, 1, '2026-06-24 10:00:00', '2026-06-24 10:00:00');
INSERT IGNORE INTO warehouse_receipts (id, receipt_type, receipt_status, remark, user_id, warehouse_id, created_at, updated_at) VALUES (2, 'OUTBOUND', 'APPROVED', 'Movement MV-2409', 5, 1, '2026-06-24 10:00:00', '2026-06-24 10:00:00');
INSERT IGNORE INTO receipt_details (id, quantity, price, product_id, receipt_id, created_at, updated_at) VALUES (2, 4, 10990000, 1, 2, '2026-06-24 10:00:00', '2026-06-24 10:00:00');
INSERT IGNORE INTO warehouse_receipts (id, receipt_type, receipt_status, remark, user_id, warehouse_id, created_at, updated_at) VALUES (3, 'OUTBOUND', 'APPROVED', 'Movement MV-2408', 4, 2, '2026-06-23 10:00:00', '2026-06-23 10:00:00');
INSERT IGNORE INTO receipt_details (id, quantity, price, product_id, receipt_id, created_at, updated_at) VALUES (3, 12, 2890000, 5, 3, '2026-06-23 10:00:00', '2026-06-23 10:00:00');
INSERT IGNORE INTO warehouse_receipts (id, receipt_type, receipt_status, remark, user_id, warehouse_id, created_at, updated_at) VALUES (4, 'INBOUND', 'APPROVED', 'Movement MV-2407', 6, 1, '2026-06-23 10:00:00', '2026-06-23 10:00:00');
INSERT IGNORE INTO receipt_details (id, quantity, price, product_id, receipt_id, created_at, updated_at) VALUES (4, 30, 4590000, 7, 4, '2026-06-23 10:00:00', '2026-06-23 10:00:00');
INSERT IGNORE INTO warehouse_receipts (id, receipt_type, receipt_status, remark, user_id, warehouse_id, created_at, updated_at) VALUES (5, 'OUTBOUND', 'APPROVED', 'Movement MV-2406', 5, 1, '2026-06-22 10:00:00', '2026-06-22 10:00:00');
INSERT IGNORE INTO receipt_details (id, quantity, price, product_id, receipt_id, created_at, updated_at) VALUES (5, 2, 27990000, 14, 5, '2026-06-22 10:00:00', '2026-06-22 10:00:00');
INSERT IGNORE INTO warehouse_receipts (id, receipt_type, receipt_status, remark, user_id, warehouse_id, created_at, updated_at) VALUES (6, 'INBOUND', 'APPROVED', 'Movement MV-2405', 6, 1, '2026-06-22 10:00:00', '2026-06-22 10:00:00');
INSERT IGNORE INTO receipt_details (id, quantity, price, product_id, receipt_id, created_at, updated_at) VALUES (6, 8, 9590000, 9, 6, '2026-06-22 10:00:00', '2026-06-22 10:00:00');
INSERT IGNORE INTO warehouse_receipts (id, receipt_type, receipt_status, remark, user_id, warehouse_id, created_at, updated_at) VALUES (7, 'OUTBOUND', 'APPROVED', 'Movement MV-2404', 3, 1, '2026-06-21 10:00:00', '2026-06-21 10:00:00');
INSERT IGNORE INTO receipt_details (id, quantity, price, product_id, receipt_id, created_at, updated_at) VALUES (7, 6, 3990000, 11, 7, '2026-06-21 10:00:00', '2026-06-21 10:00:00');
INSERT IGNORE INTO warehouse_receipts (id, receipt_type, receipt_status, remark, user_id, warehouse_id, created_at, updated_at) VALUES (8, 'INBOUND', 'APPROVED', 'Movement MV-2403', 9, 3, '2026-06-21 10:00:00', '2026-06-21 10:00:00');
INSERT IGNORE INTO receipt_details (id, quantity, price, product_id, receipt_id, created_at, updated_at) VALUES (8, 15, 4590000, 12, 8, '2026-06-21 10:00:00', '2026-06-21 10:00:00');
INSERT IGNORE INTO warehouse_receipts (id, receipt_type, receipt_status, remark, user_id, warehouse_id, created_at, updated_at) VALUES (9, 'OUTBOUND', 'APPROVED', 'Movement MV-2402', 4, 2, '2026-06-20 10:00:00', '2026-06-20 10:00:00');
INSERT IGNORE INTO receipt_details (id, quantity, price, product_id, receipt_id, created_at, updated_at) VALUES (9, 3, 16990000, 4, 9, '2026-06-20 10:00:00', '2026-06-20 10:00:00');
INSERT IGNORE INTO transfers (id, transfer_type, status, remark, user_id, warehouse_id, created_at, updated_at) VALUES (1, 'OUTBOUND', 'DELIVERING', 'Order ORD-10241 to PC Build Saigon', 5, 1, '2026-06-24 10:00:00', '2026-06-24 10:00:00');
INSERT IGNORE INTO transfer_details (id, quantity, product_id, transfer_id, created_at, updated_at) VALUES (1, 12, 2, 1, '2026-06-24 10:00:00', '2026-06-24 10:00:00');
INSERT IGNORE INTO transfers (id, transfer_type, status, remark, user_id, warehouse_id, created_at, updated_at) VALUES (2, 'OUTBOUND', 'COMPLETED', 'Order ORD-10240 to GearVN Hanoi', 7, 2, '2026-06-23 10:00:00', '2026-06-23 10:00:00');
INSERT IGNORE INTO transfer_details (id, quantity, product_id, transfer_id, created_at, updated_at) VALUES (2, 24, 3, 2, '2026-06-23 10:00:00', '2026-06-23 10:00:00');
INSERT IGNORE INTO transfers (id, transfer_type, status, remark, user_id, warehouse_id, created_at, updated_at) VALUES (3, 'OUTBOUND', 'PENDING', 'Order ORD-10239 to An Phat PC', 6, 1, '2026-06-23 10:00:00', '2026-06-23 10:00:00');
INSERT IGNORE INTO transfer_details (id, quantity, product_id, transfer_id, created_at, updated_at) VALUES (3, 8, 4, 3, '2026-06-23 10:00:00', '2026-06-23 10:00:00');
INSERT IGNORE INTO transfers (id, transfer_type, status, remark, user_id, warehouse_id, created_at, updated_at) VALUES (4, 'OUTBOUND', 'COMPLETED', 'Order ORD-10238 to Retail #2210', 5, 1, '2026-06-22 10:00:00', '2026-06-22 10:00:00');
INSERT IGNORE INTO transfer_details (id, quantity, product_id, transfer_id, created_at, updated_at) VALUES (4, 2, 5, 4, '2026-06-22 10:00:00', '2026-06-22 10:00:00');
INSERT IGNORE INTO transfers (id, transfer_type, status, remark, user_id, warehouse_id, created_at, updated_at) VALUES (5, 'OUTBOUND', 'DELIVERING', 'Order ORD-10237 to Phong Vu', 4, 2, '2026-06-22 10:00:00', '2026-06-22 10:00:00');
INSERT IGNORE INTO transfer_details (id, quantity, product_id, transfer_id, created_at, updated_at) VALUES (5, 36, 6, 5, '2026-06-22 10:00:00', '2026-06-22 10:00:00');
INSERT IGNORE INTO transfers (id, transfer_type, status, remark, user_id, warehouse_id, created_at, updated_at) VALUES (6, 'OUTBOUND', 'CANCEL', 'Order ORD-10236 to Memory Zone', 9, 3, '2026-06-21 10:00:00', '2026-06-21 10:00:00');
INSERT IGNORE INTO transfer_details (id, quantity, product_id, transfer_id, created_at, updated_at) VALUES (6, 18, 7, 6, '2026-06-21 10:00:00', '2026-06-21 10:00:00');
INSERT IGNORE INTO transfers (id, transfer_type, status, remark, user_id, warehouse_id, created_at, updated_at) VALUES (7, 'OUTBOUND', 'COMPLETED', 'Order ORD-10235 to TechZones Danang', 9, 3, '2026-06-21 10:00:00', '2026-06-21 10:00:00');
INSERT IGNORE INTO transfer_details (id, quantity, product_id, transfer_id, created_at, updated_at) VALUES (7, 9, 8, 7, '2026-06-21 10:00:00', '2026-06-21 10:00:00');
INSERT IGNORE INTO transfers (id, transfer_type, status, remark, user_id, warehouse_id, created_at, updated_at) VALUES (8, 'OUTBOUND', 'PENDING', 'Order ORD-10234 to HACOM', 7, 2, '2026-06-20 10:00:00', '2026-06-20 10:00:00');
INSERT IGNORE INTO transfer_details (id, quantity, product_id, transfer_id, created_at, updated_at) VALUES (8, 14, 9, 8, '2026-06-20 10:00:00', '2026-06-20 10:00:00');
INSERT IGNORE INTO inventory_checks (id, status, remark, user_id, warehouse_id, created_at, updated_at) VALUES (1, 'IN_PROGRESS', 'Stocktake ST-0042', 3, 1, '2026-06-24 10:00:00', '2026-06-24 10:00:00');
INSERT IGNORE INTO inventory_check_details (id, actual_quantity, system_quantity, remark, product_id, inventory_check_id, created_at, updated_at) VALUES (1, 39, 42, 'Variance 3', 2, 1, '2026-06-24 10:00:00', '2026-06-24 10:00:00');
INSERT IGNORE INTO inventory_checks (id, status, remark, user_id, warehouse_id, created_at, updated_at) VALUES (2, 'COMPLETED', 'Stocktake ST-0041', 3, 1, '2026-06-20 10:00:00', '2026-06-20 10:00:00');
INSERT IGNORE INTO inventory_check_details (id, actual_quantity, system_quantity, remark, product_id, inventory_check_id, created_at, updated_at) VALUES (2, 37, 38, 'Variance 1', 3, 2, '2026-06-20 10:00:00', '2026-06-20 10:00:00');
INSERT IGNORE INTO inventory_checks (id, status, remark, user_id, warehouse_id, created_at, updated_at) VALUES (3, 'COMPLETED', 'Stocktake ST-0040', 4, 2, '2026-06-18 10:00:00', '2026-06-18 10:00:00');
INSERT IGNORE INTO inventory_check_details (id, actual_quantity, system_quantity, remark, product_id, inventory_check_id, created_at, updated_at) VALUES (3, 52, 56, 'Variance 4', 4, 3, '2026-06-18 10:00:00', '2026-06-18 10:00:00');
INSERT IGNORE INTO inventory_checks (id, status, remark, user_id, warehouse_id, created_at, updated_at) VALUES (4, 'PENDING', 'Stocktake ST-0039', 4, 3, '2026-06-15 10:00:00', '2026-06-15 10:00:00');
INSERT IGNORE INTO inventory_check_details (id, actual_quantity, system_quantity, remark, product_id, inventory_check_id, created_at, updated_at) VALUES (4, 20, 20, 'Variance 0', 5, 4, '2026-06-15 10:00:00', '2026-06-15 10:00:00');
INSERT IGNORE INTO inventory_checks (id, status, remark, user_id, warehouse_id, created_at, updated_at) VALUES (5, 'COMPLETED', 'Stocktake ST-0038', 3, 1, '2026-06-10 10:00:00', '2026-06-10 10:00:00');
INSERT IGNORE INTO inventory_check_details (id, actual_quantity, system_quantity, remark, product_id, inventory_check_id, created_at, updated_at) VALUES (5, 62, 64, 'Variance 2', 6, 5, '2026-06-10 10:00:00', '2026-06-10 10:00:00');
