INSERT IGNORE INTO roles (id, role_name, description, created_at, updated_at) VALUES (1, 'ADMIN', 'ADMIN role', NOW(), NOW());
INSERT IGNORE INTO roles (id, role_name, description, created_at, updated_at) VALUES (2, 'MANAGER', 'MANAGER role', NOW(), NOW());
INSERT IGNORE INTO roles (id, role_name, description, created_at, updated_at) VALUES (3, 'WAREHOUSE_MANAGER', 'WAREHOUSE_MANAGER role', NOW(), NOW());
INSERT IGNORE INTO roles (id, role_name, description, created_at, updated_at) VALUES (4, 'STAFF', 'STAFF role', NOW(), NOW());
INSERT IGNORE INTO warehouses (id, warehouse_code, warehouse_name, location, capacity, created_at, updated_at) VALUES (1, 'TS-HCM-01', 'TechStock Saigon Hub', 'Lot B12, Tan Binh Industrial Park, Ho Chi Minh City', 5000, NOW(), NOW());
INSERT IGNORE INTO warehouses (id, warehouse_code, warehouse_name, location, capacity, created_at, updated_at) VALUES (2, 'TS-HN-01', 'TechStock Hanoi Center', 'No. 88 Pham Hung Street, Nam Tu Liem, Hanoi', 3000, NOW(), NOW());
INSERT IGNORE INTO warehouses (id, warehouse_code, warehouse_name, location, capacity, created_at, updated_at) VALUES (3, 'TS-DN-01', 'TechStock Danang Depot', 'FPT Complex, Ngu Hanh Son District, Da Nang', 2000, NOW(), NOW());
INSERT IGNORE INTO users (id, username, password, email, full_name, phone_number, department, is_deleted, role_id, warehouse_id, created_at, updated_at) VALUES (1, 'at0', '$2a$10$SZIRB.fQHdkYryp.7Akn7.Mye33vWyzDNG/va5eb4qMWOy73XuiGe', 'at0@techstock.com', 'Alex Tran', '0123456789', 'System Administrator', false, 1, NULL, NOW(), NOW());
INSERT IGNORE INTO users (id, username, password, email, full_name, phone_number, department, is_deleted, role_id, warehouse_id, created_at, updated_at) VALUES (2, 'dp1', '$2a$10$SZIRB.fQHdkYryp.7Akn7.Mye33vWyzDNG/va5eb4qMWOy73XuiGe', 'dp1@techstock.com', 'Diana Pham', '0123456789', 'Operations Manager', false, 2, NULL, NOW(), NOW());
INSERT IGNORE INTO users (id, username, password, email, full_name, phone_number, department, is_deleted, role_id, warehouse_id, created_at, updated_at) VALUES (3, 'mq2', '$2a$10$SZIRB.fQHdkYryp.7Akn7.Mye33vWyzDNG/va5eb4qMWOy73XuiGe', 'mq2@techstock.com', 'Minh Quan', '0123456789', 'Warehouse Manager — HCM', false, 3, 1, NOW(), NOW());
INSERT IGNORE INTO users (id, username, password, email, full_name, phone_number, department, is_deleted, role_id, warehouse_id, created_at, updated_at) VALUES (4, 'hy3', '$2a$10$SZIRB.fQHdkYryp.7Akn7.Mye33vWyzDNG/va5eb4qMWOy73XuiGe', 'hy3@techstock.com', 'Hoang Yen', '0123456789', 'Warehouse Manager — HN', false, 3, 2, NOW(), NOW());
INSERT IGNORE INTO users (id, username, password, email, full_name, phone_number, department, is_deleted, role_id, warehouse_id, created_at, updated_at) VALUES (5, 'hl4', '$2a$10$SZIRB.fQHdkYryp.7Akn7.Mye33vWyzDNG/va5eb4qMWOy73XuiGe', 'hl4@techstock.com', 'Hoai Linh', '0123456789', 'Inventory Staff', false, 4, 1, NOW(), NOW());
INSERT IGNORE INTO users (id, username, password, email, full_name, phone_number, department, is_deleted, role_id, warehouse_id, created_at, updated_at) VALUES (6, 'tp5', '$2a$10$SZIRB.fQHdkYryp.7Akn7.Mye33vWyzDNG/va5eb4qMWOy73XuiGe', 'tp5@techstock.com', 'Tan Phong', '0123456789', 'Inventory Staff', false, 4, 1, NOW(), NOW());
INSERT IGNORE INTO users (id, username, password, email, full_name, phone_number, department, is_deleted, role_id, warehouse_id, created_at, updated_at) VALUES (7, 'bt6', '$2a$10$SZIRB.fQHdkYryp.7Akn7.Mye33vWyzDNG/va5eb4qMWOy73XuiGe', 'bt6@techstock.com', 'Bao Tran', '0123456789', 'Warehouse Accountant', false, 4, 2, NOW(), NOW());
INSERT IGNORE INTO users (id, username, password, email, full_name, phone_number, department, is_deleted, role_id, warehouse_id, created_at, updated_at) VALUES (8, 'vk7', '$2a$10$SZIRB.fQHdkYryp.7Akn7.Mye33vWyzDNG/va5eb4qMWOy73XuiGe', 'vk7@techstock.com', 'Van Khoa', '0123456789', 'Loader', false, 4, 2, NOW(), NOW());
INSERT IGNORE INTO users (id, username, password, email, full_name, phone_number, department, is_deleted, role_id, warehouse_id, created_at, updated_at) VALUES (9, 'ka8', '$2a$10$SZIRB.fQHdkYryp.7Akn7.Mye33vWyzDNG/va5eb4qMWOy73XuiGe', 'ka8@techstock.com', 'Kim Anh', '0123456789', 'Inventory Staff', false, 4, 3, NOW(), NOW());
INSERT IGNORE INTO users (id, username, password, email, full_name, phone_number, department, is_deleted, role_id, warehouse_id, created_at, updated_at) VALUES (10, 'dh9', '$2a$10$SZIRB.fQHdkYryp.7Akn7.Mye33vWyzDNG/va5eb4qMWOy73XuiGe', 'dh9@techstock.com', 'Duc Huy', '0123456789', 'Loader', false, 4, 3, NOW(), NOW());
INSERT IGNORE INTO categories (id, category_name, description, is_deleted, created_at, updated_at) VALUES (1, 'CPU', 'CPU category', false, NOW(), NOW());
INSERT IGNORE INTO categories (id, category_name, description, is_deleted, created_at, updated_at) VALUES (2, 'GPU', 'GPU category', false, NOW(), NOW());
INSERT IGNORE INTO categories (id, category_name, description, is_deleted, created_at, updated_at) VALUES (3, 'RAM', 'RAM category', false, NOW(), NOW());
INSERT IGNORE INTO categories (id, category_name, description, is_deleted, created_at, updated_at) VALUES (4, 'SSD', 'SSD category', false, NOW(), NOW());
INSERT IGNORE INTO categories (id, category_name, description, is_deleted, created_at, updated_at) VALUES (5, 'Mainboard', 'Mainboard category', false, NOW(), NOW());
INSERT IGNORE INTO categories (id, category_name, description, is_deleted, created_at, updated_at) VALUES (6, 'PSU', 'PSU category', false, NOW(), NOW());
INSERT IGNORE INTO categories (id, category_name, description, is_deleted, created_at, updated_at) VALUES (7, 'Case', 'Case category', false, NOW(), NOW());
INSERT IGNORE INTO categories (id, category_name, description, is_deleted, created_at, updated_at) VALUES (8, 'Cooling', 'Cooling category', false, NOW(), NOW());
INSERT IGNORE INTO categories (id, category_name, description, is_deleted, created_at, updated_at) VALUES (9, 'Laptop', 'Laptop category', false, NOW(), NOW());
INSERT IGNORE INTO suppliers (id, name, email, phone_number, address, status, country, created_at, updated_at) VALUES (1, 'FPT Distribution', 'sales@fpt-dist.vn', '+84 28 7300 2222', 'Address', 'ACTIVE', 'Vietnam', NOW(), NOW());
INSERT IGNORE INTO suppliers (id, name, email, phone_number, address, status, country, created_at, updated_at) VALUES (2, 'Samsung Vietnam', 'b2b@samsung.vn', '+84 24 3795 5555', 'Address', 'ACTIVE', 'Vietnam', NOW(), NOW());
INSERT IGNORE INTO suppliers (id, name, email, phone_number, address, status, country, created_at, updated_at) VALUES (3, 'MSI Vietnam', 'partner@msi.vn', '+84 28 3823 1010', 'Address', 'ACTIVE', 'Vietnam', NOW(), NOW());
INSERT IGNORE INTO suppliers (id, name, email, phone_number, address, status, country, created_at, updated_at) VALUES (4, 'Corsair APAC', 'apac@corsair.com', '+65 6100 9080', 'Address', 'ACTIVE', 'Singapore', NOW(), NOW());
INSERT IGNORE INTO suppliers (id, name, email, phone_number, address, status, country, created_at, updated_at) VALUES (5, 'Lian Li Industrial', 'sales@lian-li.com', '+886 2 2999 8888', 'Address', 'ACTIVE', 'Taiwan', NOW(), NOW());
INSERT IGNORE INTO suppliers (id, name, email, phone_number, address, status, country, created_at, updated_at) VALUES (6, 'ASUS Vietnam', 'b2b@asus.vn', '+84 28 3636 1212', 'Address', 'ACTIVE', 'Vietnam', NOW(), NOW());
INSERT IGNORE INTO suppliers (id, name, email, phone_number, address, status, country, created_at, updated_at) VALUES (7, 'Western Digital APAC', 'apac@wdc.com', '+65 6234 7700', 'Address', 'ACTIVE', 'Singapore', NOW(), NOW());
INSERT IGNORE INTO suppliers (id, name, email, phone_number, address, status, country, created_at, updated_at) VALUES (8, 'Noctua GmbH', 'b2b@noctua.at', '+43 1 4090 800', 'Address', 'ACTIVE', 'Austria', NOW(), NOW());
INSERT IGNORE INTO suppliers (id, name, email, phone_number, address, status, country, created_at, updated_at) VALUES (9, 'Gigabyte Vietnam', 'vn@gigabyte.com', '+84 28 3812 9988', 'Address', 'ACTIVE', 'Vietnam', NOW(), NOW());
INSERT IGNORE INTO suppliers (id, name, email, phone_number, address, status, country, created_at, updated_at) VALUES (10, 'G.Skill International', 'sales@gskill.com', '+886 2 8226 5000', 'Address', 'ACTIVE', 'Taiwan', NOW(), NOW());
INSERT IGNORE INTO suppliers (id, name, email, phone_number, address, status, country, created_at, updated_at) VALUES (11, 'Lenovo Vietnam', 'b2b@lenovo.vn', '+84 28 3939 2020', 'Address', 'ACTIVE', 'Vietnam', NOW(), NOW());
INSERT IGNORE INTO suppliers (id, name, email, phone_number, address, status, country, created_at, updated_at) VALUES (12, 'NVIDIA Partner Hub', 'partners@nvidia.com', '+82 2 555 1212', 'Address', 'ACTIVE', 'Korea', NOW(), NOW());
INSERT IGNORE INTO locations (id, zone_code, rack_code, bin_code, status, max_capacity, created_at, updated_at) VALUES (1, 'A', '01', '01', 'ACTIVE', 100, NOW(), NOW());
INSERT IGNORE INTO locations (id, zone_code, rack_code, bin_code, status, max_capacity, created_at, updated_at) VALUES (2, 'A', '01', '02', 'ACTIVE', 100, NOW(), NOW());
INSERT IGNORE INTO locations (id, zone_code, rack_code, bin_code, status, max_capacity, created_at, updated_at) VALUES (3, 'A', '02', '01', 'ACTIVE', 100, NOW(), NOW());
INSERT IGNORE INTO locations (id, zone_code, rack_code, bin_code, status, max_capacity, created_at, updated_at) VALUES (4, 'A', '02', '02', 'ACTIVE', 100, NOW(), NOW());
INSERT IGNORE INTO locations (id, zone_code, rack_code, bin_code, status, max_capacity, created_at, updated_at) VALUES (5, 'B', '01', '01', 'ACTIVE', 200, NOW(), NOW());
INSERT IGNORE INTO locations (id, zone_code, rack_code, bin_code, status, max_capacity, created_at, updated_at) VALUES (6, 'B', '01', '02', 'ACTIVE', 200, NOW(), NOW());
INSERT IGNORE INTO locations (id, zone_code, rack_code, bin_code, status, max_capacity, created_at, updated_at) VALUES (7, 'B', '02', '01', 'ACTIVE', 200, NOW(), NOW());
INSERT IGNORE INTO locations (id, zone_code, rack_code, bin_code, status, max_capacity, created_at, updated_at) VALUES (8, 'B', '02', '02', 'ACTIVE', 200, NOW(), NOW());
INSERT IGNORE INTO locations (id, zone_code, rack_code, bin_code, status, max_capacity, created_at, updated_at) VALUES (9, 'C', '01', '01', 'ACTIVE', 150, NOW(), NOW());
INSERT IGNORE INTO locations (id, zone_code, rack_code, bin_code, status, max_capacity, created_at, updated_at) VALUES (10, 'C', '01', '02', 'ACTIVE', 150, NOW(), NOW());
INSERT IGNORE INTO locations (id, zone_code, rack_code, bin_code, status, max_capacity, created_at, updated_at) VALUES (11, 'C', '02', '01', 'ACTIVE', 150, NOW(), NOW());
INSERT IGNORE INTO locations (id, zone_code, rack_code, bin_code, status, max_capacity, created_at, updated_at) VALUES (12, 'C', '02', '02', 'ACTIVE', 150, NOW(), NOW());
INSERT IGNORE INTO locations (id, zone_code, rack_code, bin_code, status, max_capacity, created_at, updated_at) VALUES (13, 'D', '01', '01', 'ACTIVE', 300, NOW(), NOW());
INSERT IGNORE INTO locations (id, zone_code, rack_code, bin_code, status, max_capacity, created_at, updated_at) VALUES (14, 'D', '01', '02', 'ACTIVE', 300, NOW(), NOW());
INSERT IGNORE INTO locations (id, zone_code, rack_code, bin_code, status, max_capacity, created_at, updated_at) VALUES (15, 'D', '02', '01', 'ACTIVE', 300, NOW(), NOW());
INSERT IGNORE INTO locations (id, zone_code, rack_code, bin_code, status, max_capacity, created_at, updated_at) VALUES (16, 'D', '02', '02', 'ACTIVE', 300, NOW(), NOW());
INSERT IGNORE INTO locations (id, zone_code, rack_code, bin_code, status, max_capacity, created_at, updated_at) VALUES (17, 'E', '01', '01', 'ACTIVE', 50, NOW(), NOW());
INSERT IGNORE INTO locations (id, zone_code, rack_code, bin_code, status, max_capacity, created_at, updated_at) VALUES (18, 'E', '01', '02', 'ACTIVE', 50, NOW(), NOW());
INSERT IGNORE INTO locations (id, zone_code, rack_code, bin_code, status, max_capacity, created_at, updated_at) VALUES (19, 'E', '02', '01', 'ACTIVE', 50, NOW(), NOW());
INSERT IGNORE INTO locations (id, zone_code, rack_code, bin_code, status, max_capacity, created_at, updated_at) VALUES (20, 'E', '02', '02', 'ACTIVE', 50, NOW(), NOW());
INSERT IGNORE INTO products (id, product_code, product_name, specification, cost, price, image_url, is_deleted, category_id, supplier_id, created_at, updated_at) VALUES (1, 'CPU-INT-14700K', 'Intel Core i7-14700K', '20 Cores, 28 Threads', 8000000, 10990000, 'https://images.unsplash.com/photo-1591799264318-7e6ef8ddb7ea?w=400', false, 1, 1, NOW(), NOW());
INSERT IGNORE INTO products (id, product_code, product_name, specification, cost, price, image_url, is_deleted, category_id, supplier_id, created_at, updated_at) VALUES (2, 'CPU-AMD-7800X3D', 'AMD Ryzen 7 7800X3D', '8 Cores, 16 Threads, 3D V-Cache', 8500000, 11490000, 'https://images.unsplash.com/photo-1591799264318-7e6ef8ddb7ea?w=400', false, 1, 1, NOW(), NOW());
INSERT IGNORE INTO products (id, product_code, product_name, specification, cost, price, image_url, is_deleted, category_id, supplier_id, created_at, updated_at) VALUES (3, 'GPU-NV-RTX4080S', 'NVIDIA RTX 4080 Super FE', '16GB GDDR6X, Ada Lovelace', 24000000, 29990000, 'https://images.unsplash.com/photo-1587202372775-e229f172b9d7?w=400', false, 2, 12, NOW(), NOW());
INSERT IGNORE INTO products (id, product_code, product_name, specification, cost, price, image_url, is_deleted, category_id, supplier_id, created_at, updated_at) VALUES (4, 'GPU-NV-RTX4070', 'ASUS Dual RTX 4070', '12GB GDDR6X, Dual Fan', 13000000, 16990000, 'https://images.unsplash.com/photo-1587202372775-e229f172b9d7?w=400', false, 2, 6, NOW(), NOW());
INSERT IGNORE INTO products (id, product_code, product_name, specification, cost, price, image_url, is_deleted, category_id, supplier_id, created_at, updated_at) VALUES (5, 'RAM-COR-32G-6000', 'Corsair Vengeance 32GB DDR5 6000', '32GB (2x16GB) DDR5 6000MHz', 2000000, 2890000, 'https://images.unsplash.com/photo-1562976540-1502c2145186?w=400', false, 3, 4, NOW(), NOW());
INSERT IGNORE INTO products (id, product_code, product_name, specification, cost, price, image_url, is_deleted, category_id, supplier_id, created_at, updated_at) VALUES (6, 'RAM-GSK-16G-5600', 'G.Skill Trident Z5 16GB DDR5 5600', '16GB (2x8GB) DDR5 5600MHz', 1200000, 1690000, 'https://images.unsplash.com/photo-1562976540-1502c2145186?w=400', false, 3, 10, NOW(), NOW());
INSERT IGNORE INTO products (id, product_code, product_name, specification, cost, price, image_url, is_deleted, category_id, supplier_id, created_at, updated_at) VALUES (7, 'SSD-SAM-990P-2T', 'Samsung 990 Pro 2TB NVMe', '2TB PCIe 4.0 NVMe M.2', 3500000, 4590000, 'https://images.unsplash.com/photo-1628557044797-f21a177c37ec?w=400', false, 4, 2, NOW(), NOW());
INSERT IGNORE INTO products (id, product_code, product_name, specification, cost, price, image_url, is_deleted, category_id, supplier_id, created_at, updated_at) VALUES (8, 'SSD-WD-SN850X-1T', 'WD Black SN850X 1TB', '1TB PCIe 4.0 NVMe M.2', 2000000, 2690000, 'https://images.unsplash.com/photo-1628557044797-f21a177c37ec?w=400', false, 4, 7, NOW(), NOW());
INSERT IGNORE INTO products (id, product_code, product_name, specification, cost, price, image_url, is_deleted, category_id, supplier_id, created_at, updated_at) VALUES (9, 'MB-MSI-Z790-EDGE', 'MSI MPG Z790 Edge WiFi', 'ATX, Z790, DDR5, WiFi 6E', 7000000, 9590000, 'https://images.unsplash.com/photo-1518770660439-4636190af475?w=400', false, 5, 3, NOW(), NOW());
INSERT IGNORE INTO products (id, product_code, product_name, specification, cost, price, image_url, is_deleted, category_id, supplier_id, created_at, updated_at) VALUES (10, 'MB-GBT-B650E', 'Gigabyte B650E Aorus Elite', 'ATX, B650E, DDR5, PCIe 5.0', 5000000, 6790000, 'https://images.unsplash.com/photo-1518770660439-4636190af475?w=400', false, 5, 9, NOW(), NOW());
INSERT IGNORE INTO products (id, product_code, product_name, specification, cost, price, image_url, is_deleted, category_id, supplier_id, created_at, updated_at) VALUES (11, 'PSU-COR-RM850X', 'Corsair RM850x 80+ Gold', '850W, 80 Plus Gold, Fully Modular', 3000000, 3990000, 'https://images.unsplash.com/photo-1587202372634-32705e3bf49c?w=400', false, 6, 4, NOW(), NOW());
INSERT IGNORE INTO products (id, product_code, product_name, specification, cost, price, image_url, is_deleted, category_id, supplier_id, created_at, updated_at) VALUES (12, 'CASE-LL-O11D', 'Lian Li O11 Dynamic Evo', 'Mid-Tower, Dual Chamber, Tempered Glass', 3500000, 4590000, 'https://images.unsplash.com/photo-1555680202-c86f0e12f086?w=400', false, 7, 5, NOW(), NOW());
INSERT IGNORE INTO products (id, product_code, product_name, specification, cost, price, image_url, is_deleted, category_id, supplier_id, created_at, updated_at) VALUES (13, 'COOL-NOC-D15', 'Noctua NH-D15 chromax.black', 'Dual-Tower CPU Cooler, 2x140mm fans', 2000000, 2890000, 'https://images.unsplash.com/photo-1555680202-c86f0e12f086?w=400', false, 8, 8, NOW(), NOW());
INSERT IGNORE INTO products (id, product_code, product_name, specification, cost, price, image_url, is_deleted, category_id, supplier_id, created_at, updated_at) VALUES (14, 'LAP-LEN-LOQ15', 'Lenovo LOQ 15 i7 RTX 4060', '15.6" FHD 144Hz, Core i7-13620H, RTX 4060, 16GB RAM', 22000000, 27990000, 'https://images.unsplash.com/photo-1593642632823-8f785ba67e45?w=400', false, 9, 11, NOW(), NOW());
-- Warehouse 1
INSERT IGNORE INTO inventories (id, quantity, low_stock_threshold, product_id, warehouse_id, location_id, created_at, updated_at) VALUES (1, 42, 10, 1, 1, 1, NOW(), NOW());
INSERT IGNORE INTO inventories (id, quantity, low_stock_threshold, product_id, warehouse_id, location_id, created_at, updated_at) VALUES (2, 18, 10, 2, 1, 2, NOW(), NOW());
INSERT IGNORE INTO inventories (id, quantity, low_stock_threshold, product_id, warehouse_id, location_id, created_at, updated_at) VALUES (3, 7, 10, 3, 1, 3, NOW(), NOW());
INSERT IGNORE INTO inventories (id, quantity, low_stock_threshold, product_id, warehouse_id, location_id, created_at, updated_at) VALUES (4, 24, 15, 4, 1, 4, NOW(), NOW());
INSERT IGNORE INTO inventories (id, quantity, low_stock_threshold, product_id, warehouse_id, location_id, created_at, updated_at) VALUES (5, 86, 20, 5, 1, 5, NOW(), NOW());
INSERT IGNORE INTO inventories (id, quantity, low_stock_threshold, product_id, warehouse_id, location_id, created_at, updated_at) VALUES (6, 54, 20, 6, 1, 6, NOW(), NOW());
INSERT IGNORE INTO inventories (id, quantity, low_stock_threshold, product_id, warehouse_id, location_id, created_at, updated_at) VALUES (7, 31, 15, 7, 1, 7, NOW(), NOW());
INSERT IGNORE INTO inventories (id, quantity, low_stock_threshold, product_id, warehouse_id, location_id, created_at, updated_at) VALUES (8, 12, 10, 8, 1, 8, NOW(), NOW());
INSERT IGNORE INTO inventories (id, quantity, low_stock_threshold, product_id, warehouse_id, location_id, created_at, updated_at) VALUES (9, 16, 10, 9, 1, 9, NOW(), NOW());
INSERT IGNORE INTO inventories (id, quantity, low_stock_threshold, product_id, warehouse_id, location_id, created_at, updated_at) VALUES (10, 22, 10, 10, 1, 10, NOW(), NOW());
INSERT IGNORE INTO inventories (id, quantity, low_stock_threshold, product_id, warehouse_id, location_id, created_at, updated_at) VALUES (11, 28, 10, 11, 1, 11, NOW(), NOW());
INSERT IGNORE INTO inventories (id, quantity, low_stock_threshold, product_id, warehouse_id, location_id, created_at, updated_at) VALUES (12, 9, 10, 12, 1, 12, NOW(), NOW());
INSERT IGNORE INTO inventories (id, quantity, low_stock_threshold, product_id, warehouse_id, location_id, created_at, updated_at) VALUES (13, 19, 10, 13, 1, 13, NOW(), NOW());
INSERT IGNORE INTO inventories (id, quantity, low_stock_threshold, product_id, warehouse_id, location_id, created_at, updated_at) VALUES (14, 6, 10, 14, 1, 14, NOW(), NOW());

-- Warehouse 2
INSERT IGNORE INTO inventories (id, quantity, low_stock_threshold, product_id, warehouse_id, location_id, created_at, updated_at) VALUES (15, 12, 10, 1, 2, 1, NOW(), NOW());
INSERT IGNORE INTO inventories (id, quantity, low_stock_threshold, product_id, warehouse_id, location_id, created_at, updated_at) VALUES (16, 3, 10, 2, 2, 2, NOW(), NOW());
INSERT IGNORE INTO inventories (id, quantity, low_stock_threshold, product_id, warehouse_id, location_id, created_at, updated_at) VALUES (17, 8, 10, 3, 2, 3, NOW(), NOW());
INSERT IGNORE INTO inventories (id, quantity, low_stock_threshold, product_id, warehouse_id, location_id, created_at, updated_at) VALUES (18, 45, 15, 4, 2, 4, NOW(), NOW());
INSERT IGNORE INTO inventories (id, quantity, low_stock_threshold, product_id, warehouse_id, location_id, created_at, updated_at) VALUES (19, 21, 20, 5, 2, 5, NOW(), NOW());
INSERT IGNORE INTO inventories (id, quantity, low_stock_threshold, product_id, warehouse_id, location_id, created_at, updated_at) VALUES (20, 9, 20, 6, 2, 6, NOW(), NOW());
INSERT IGNORE INTO inventories (id, quantity, low_stock_threshold, product_id, warehouse_id, location_id, created_at, updated_at) VALUES (21, 14, 15, 7, 2, 7, NOW(), NOW());
INSERT IGNORE INTO inventories (id, quantity, low_stock_threshold, product_id, warehouse_id, location_id, created_at, updated_at) VALUES (22, 5, 10, 8, 2, 8, NOW(), NOW());
INSERT IGNORE INTO inventories (id, quantity, low_stock_threshold, product_id, warehouse_id, location_id, created_at, updated_at) VALUES (23, 22, 10, 9, 2, 9, NOW(), NOW());
INSERT IGNORE INTO inventories (id, quantity, low_stock_threshold, product_id, warehouse_id, location_id, created_at, updated_at) VALUES (24, 7, 10, 10, 2, 10, NOW(), NOW());
INSERT IGNORE INTO inventories (id, quantity, low_stock_threshold, product_id, warehouse_id, location_id, created_at, updated_at) VALUES (25, 33, 10, 11, 2, 11, NOW(), NOW());
INSERT IGNORE INTO inventories (id, quantity, low_stock_threshold, product_id, warehouse_id, location_id, created_at, updated_at) VALUES (26, 4, 10, 12, 2, 12, NOW(), NOW());
INSERT IGNORE INTO inventories (id, quantity, low_stock_threshold, product_id, warehouse_id, location_id, created_at, updated_at) VALUES (27, 2, 10, 13, 2, 13, NOW(), NOW());
INSERT IGNORE INTO inventories (id, quantity, low_stock_threshold, product_id, warehouse_id, location_id, created_at, updated_at) VALUES (28, 15, 10, 14, 2, 14, NOW(), NOW());

-- Warehouse 3
INSERT IGNORE INTO inventories (id, quantity, low_stock_threshold, product_id, warehouse_id, location_id, created_at, updated_at) VALUES (29, 5, 10, 1, 3, 1, NOW(), NOW());
INSERT IGNORE INTO inventories (id, quantity, low_stock_threshold, product_id, warehouse_id, location_id, created_at, updated_at) VALUES (30, 2, 10, 2, 3, 2, NOW(), NOW());
INSERT IGNORE INTO inventories (id, quantity, low_stock_threshold, product_id, warehouse_id, location_id, created_at, updated_at) VALUES (31, 0, 10, 3, 3, 3, NOW(), NOW());
INSERT IGNORE INTO inventories (id, quantity, low_stock_threshold, product_id, warehouse_id, location_id, created_at, updated_at) VALUES (32, 11, 15, 4, 3, 4, NOW(), NOW());
INSERT IGNORE INTO inventories (id, quantity, low_stock_threshold, product_id, warehouse_id, location_id, created_at, updated_at) VALUES (33, 4, 20, 5, 3, 5, NOW(), NOW());
INSERT IGNORE INTO inventories (id, quantity, low_stock_threshold, product_id, warehouse_id, location_id, created_at, updated_at) VALUES (34, 17, 20, 6, 3, 6, NOW(), NOW());
INSERT IGNORE INTO inventories (id, quantity, low_stock_threshold, product_id, warehouse_id, location_id, created_at, updated_at) VALUES (35, 8, 15, 7, 3, 7, NOW(), NOW());
INSERT IGNORE INTO inventories (id, quantity, low_stock_threshold, product_id, warehouse_id, location_id, created_at, updated_at) VALUES (36, 12, 10, 8, 3, 8, NOW(), NOW());
INSERT IGNORE INTO inventories (id, quantity, low_stock_threshold, product_id, warehouse_id, location_id, created_at, updated_at) VALUES (37, 20, 10, 9, 3, 9, NOW(), NOW());
INSERT IGNORE INTO inventories (id, quantity, low_stock_threshold, product_id, warehouse_id, location_id, created_at, updated_at) VALUES (38, 30, 10, 10, 3, 10, NOW(), NOW());
INSERT IGNORE INTO inventories (id, quantity, low_stock_threshold, product_id, warehouse_id, location_id, created_at, updated_at) VALUES (39, 14, 10, 11, 3, 11, NOW(), NOW());
INSERT IGNORE INTO inventories (id, quantity, low_stock_threshold, product_id, warehouse_id, location_id, created_at, updated_at) VALUES (40, 9, 10, 12, 3, 12, NOW(), NOW());
INSERT IGNORE INTO inventories (id, quantity, low_stock_threshold, product_id, warehouse_id, location_id, created_at, updated_at) VALUES (41, 19, 10, 13, 3, 13, NOW(), NOW());
INSERT IGNORE INTO inventories (id, quantity, low_stock_threshold, product_id, warehouse_id, location_id, created_at, updated_at) VALUES (42, 0, 10, 14, 3, 14, NOW(), NOW());
INSERT IGNORE INTO warehouse_receipts (id, receipt_type, receipt_status, remark, user_id, warehouse_id, created_at, updated_at) VALUES (1, 'INBOUND', 'APPROVED', 'Movement MV-2410', 3, 1, '2026-06-24 10:00:00', '2026-06-24 10:00:00');
INSERT IGNORE INTO receipt_details (id, quantity, price, product_id, receipt_id, created_at, updated_at) VALUES (1, 10, 29990000, 3, 1, '2026-06-24 10:00:00', '2026-06-24 10:00:00');
INSERT IGNORE INTO warehouse_receipts (id, receipt_type, receipt_status, remark, user_id, warehouse_id, created_at, updated_at) VALUES (2, 'OUTBOUND', 'APPROVED', 'Movement MV-2409', 5, 1, '2026-06-24 10:00:00', '2026-06-24 10:00:00');
INSERT IGNORE INTO receipt_details (id, quantity, price, product_id, receipt_id, created_at, updated_at) VALUES (2, 4, 10990000, 1, 2, '2026-06-24 10:00:00', '2026-06-24 10:00:00');
INSERT IGNORE INTO warehouse_receipts (id, receipt_type, receipt_status, remark, user_id, warehouse_id, created_at, updated_at) VALUES (3, 'OUTBOUND', 'APPROVED', 'Movement MV-2408', 4, 2, '2026-06-23 10:00:00', '2026-06-23 10:00:00');
INSERT IGNORE INTO receipt_details (id, quantity, price, product_id, receipt_id, created_at, updated_at) VALUES (3, 12, 2890000, 5, 3, '2026-06-23 10:00:00', '2026-06-23 10:00:00');
INSERT IGNORE INTO warehouse_receipts (id, receipt_type, receipt_status, remark, user_id, warehouse_id, created_at, updated_at) VALUES (4, 'INBOUND', 'APPROVED', 'Movement MV-2407', 6, 1, '2026-06-23 10:00:00', '2026-06-23 10:00:00');
INSERT IGNORE INTO receipt_details (id, quantity, price, product_id, receipt_id, created_at, updated_at) VALUES (4, 30, 4590000, 7, 4, '2026-06-23 10:00:00', '2026-06-23 10:00:00');
INSERT IGNORE INTO warehouse_receipts (id, receipt_type, receipt_status, remark, user_id, warehouse_id, created_at, updated_at) VALUES (5, 'OUTBOUND', 'APPROVED', 'Movement MV-2406', 5, 1, '2026-06-22 10:00:00', '2026-06-22 10:00:00');
INSERT IGNORE INTO receipt_details (id, quantity, price, product_id, receipt_id, created_at, updated_at) VALUES (5, 2, 27990000, 14, 5, '2026-06-22 10:00:00', '2026-06-22 10:00:00');
INSERT IGNORE INTO warehouse_receipts (id, receipt_type, receipt_status, remark, user_id, warehouse_id, created_at, updated_at) VALUES (6, 'INBOUND', 'APPROVED', 'Movement MV-2405', 6, 1, '2026-06-22 10:00:00', '2026-06-22 10:00:00');
INSERT IGNORE INTO receipt_details (id, quantity, price, product_id, receipt_id, created_at, updated_at) VALUES (6, 8, 9590000, 9, 6, '2026-06-22 10:00:00', '2026-06-22 10:00:00');
INSERT IGNORE INTO warehouse_receipts (id, receipt_type, receipt_status, remark, user_id, warehouse_id, created_at, updated_at) VALUES (7, 'OUTBOUND', 'APPROVED', 'Movement MV-2404', 3, 1, '2026-06-21 10:00:00', '2026-06-21 10:00:00');
INSERT IGNORE INTO receipt_details (id, quantity, price, product_id, receipt_id, created_at, updated_at) VALUES (7, 6, 3990000, 11, 7, '2026-06-21 10:00:00', '2026-06-21 10:00:00');
INSERT IGNORE INTO warehouse_receipts (id, receipt_type, receipt_status, remark, user_id, warehouse_id, created_at, updated_at) VALUES (8, 'INBOUND', 'APPROVED', 'Movement MV-2403', 9, 3, '2026-06-21 10:00:00', '2026-06-21 10:00:00');
INSERT IGNORE INTO receipt_details (id, quantity, price, product_id, receipt_id, created_at, updated_at) VALUES (8, 15, 4590000, 12, 8, '2026-06-21 10:00:00', '2026-06-21 10:00:00');
INSERT IGNORE INTO warehouse_receipts (id, receipt_type, receipt_status, remark, user_id, warehouse_id, created_at, updated_at) VALUES (9, 'OUTBOUND', 'APPROVED', 'Movement MV-2402', 4, 2, '2026-06-20 10:00:00', '2026-06-20 10:00:00');
INSERT IGNORE INTO receipt_details (id, quantity, price, product_id, receipt_id, created_at, updated_at) VALUES (9, 3, 16990000, 4, 9, '2026-06-20 10:00:00', '2026-06-20 10:00:00');
-- OUTBOUND: internal warehouse-to-warehouse transfers (assigned_by_id = manager, warehouse_destination_id = target)
-- Warehouse 1 (HCM) manager = 3, Warehouse 2 (HN) manager = 4, Warehouse 3 (DN) uses user 2 (Ops Manager) as assigned manager
INSERT IGNORE INTO transfers (id, transfer_type, status, remark, created_by_id, assigned_by_id, warehouse_id, warehouse_destination_id, created_at, updated_at) VALUES (1, 'Cross_Warehouse', 'DELIVERING', 'Transfer TR-10241 from HCM to HN', 5, 3, 1, 2, '2026-06-24 10:00:00', '2026-06-24 10:00:00');
INSERT IGNORE INTO transfer_details (id, quantity, product_id, transfer_id, created_at, updated_at) VALUES (1, 12, 2, 1, '2026-06-24 10:00:00', '2026-06-24 10:00:00');
INSERT IGNORE INTO transfers (id, transfer_type, status, remark, created_by_id, assigned_by_id, warehouse_id, warehouse_destination_id, created_at, updated_at) VALUES (2, 'Cross_Warehouse', 'COMPLETED', 'Transfer TR-10240 from HN to HCM', 7, 4, 2, 1, '2026-06-23 10:00:00', '2026-06-23 10:00:00');
INSERT IGNORE INTO transfer_details (id, quantity, product_id, transfer_id, created_at, updated_at) VALUES (2, 24, 3, 2, '2026-06-23 10:00:00', '2026-06-23 10:00:00');
INSERT IGNORE INTO transfers (id, transfer_type, status, remark, created_by_id, assigned_by_id, warehouse_id, warehouse_destination_id, created_at, updated_at) VALUES (3, 'Cross_Warehouse', 'PENDING', 'Transfer TR-10239 from HCM to DN', 6, 3, 1, 3, '2026-06-23 10:00:00', '2026-06-23 10:00:00');
INSERT IGNORE INTO transfer_details (id, quantity, product_id, transfer_id, created_at, updated_at) VALUES (3, 8, 4, 3, '2026-06-23 10:00:00', '2026-06-23 10:00:00');
INSERT IGNORE INTO transfers (id, transfer_type, status, remark, created_by_id, assigned_by_id, warehouse_id, warehouse_destination_id, created_at, updated_at) VALUES (4, 'Cross_Warehouse', 'COMPLETED', 'Transfer TR-10238 from HCM to HN', 5, 3, 1, 2, '2026-06-22 10:00:00', '2026-06-22 10:00:00');
INSERT IGNORE INTO transfer_details (id, quantity, product_id, transfer_id, created_at, updated_at) VALUES (4, 2, 5, 4, '2026-06-22 10:00:00', '2026-06-22 10:00:00');
INSERT IGNORE INTO transfers (id, transfer_type, status, remark, created_by_id, assigned_by_id, warehouse_id, warehouse_destination_id, created_at, updated_at) VALUES (5, 'Cross_Warehouse', 'DELIVERING', 'Transfer TR-10237 from HN to HCM', 7, 4, 2, 1, '2026-06-22 10:00:00', '2026-06-22 10:00:00');
INSERT IGNORE INTO transfer_details (id, quantity, product_id, transfer_id, created_at, updated_at) VALUES (5, 36, 6, 5, '2026-06-22 10:00:00', '2026-06-22 10:00:00');
INSERT IGNORE INTO transfers (id, transfer_type, status, remark, created_by_id, assigned_by_id, warehouse_id, warehouse_destination_id, created_at, updated_at) VALUES (6, 'Cross_Warehouse', 'CANCEL', 'Transfer TR-10236 from DN to HN', 9, 2, 3, 2, '2026-06-21 10:00:00', '2026-06-21 10:00:00');
INSERT IGNORE INTO transfer_details (id, quantity, product_id, transfer_id, created_at, updated_at) VALUES (6, 18, 7, 6, '2026-06-21 10:00:00', '2026-06-21 10:00:00');
INSERT IGNORE INTO transfers (id, transfer_type, status, remark, created_by_id, assigned_by_id, warehouse_id, warehouse_destination_id, created_at, updated_at) VALUES (7, 'Cross_Warehouse', 'COMPLETED', 'Transfer TR-10235 from DN to HCM', 9, 2, 3, 1, '2026-06-21 10:00:00', '2026-06-21 10:00:00');
INSERT IGNORE INTO transfer_details (id, quantity, product_id, transfer_id, created_at, updated_at) VALUES (7, 9, 8, 7, '2026-06-21 10:00:00', '2026-06-21 10:00:00');
INSERT IGNORE INTO transfers (id, transfer_type, status, remark, created_by_id, assigned_by_id, warehouse_id, warehouse_destination_id, created_at, updated_at) VALUES (8, 'Cross_Warehouse', 'PENDING', 'Transfer TR-10234 from HN to DN', 7, 4, 2, 3, '2026-06-20 10:00:00', '2026-06-20 10:00:00');
INSERT IGNORE INTO transfer_details (id, quantity, product_id, transfer_id, created_at, updated_at) VALUES (8, 14, 9, 8, '2026-06-20 10:00:00', '2026-06-20 10:00:00');
-- INBOUND: from supplier (warehouse_destination_id = NULL, only warehouse = destination)
INSERT IGNORE INTO transfers (id, transfer_type, status, remark, created_by_id, assigned_by_id, warehouse_id, warehouse_destination_id, created_at, updated_at) VALUES (9, 'Internal_Warehouse', 'COMPLETED', 'Supplier delivery SUP-3301 from Corsair APAC', 5, 3, 1, NULL, '2026-06-19 10:00:00', '2026-06-19 10:00:00');
INSERT IGNORE INTO transfer_details (id, quantity, product_id, transfer_id, created_at, updated_at) VALUES (9, 50, 5, 9, '2026-06-19 10:00:00', '2026-06-19 10:00:00');
INSERT IGNORE INTO transfers (id, transfer_type, status, remark, created_by_id, assigned_by_id, warehouse_id, warehouse_destination_id, created_at, updated_at) VALUES (10, 'Internal_Warehouse', 'PENDING', 'Supplier delivery SUP-3302 from Samsung Vietnam', 9, 2, 3, NULL, '2026-06-25 09:00:00', '2026-06-25 09:00:00');
INSERT IGNORE INTO transfer_details (id, quantity, product_id, transfer_id, created_at, updated_at) VALUES (10, 20, 7, 10, '2026-06-25 09:00:00', '2026-06-25 09:00:00');
-- OUTBOUND internal: warehouse-to-warehouse transfer (warehouse_destination_id = target warehouse)
INSERT IGNORE INTO transfers (id, transfer_type, status, remark, created_by_id, assigned_by_id, warehouse_id, warehouse_destination_id, created_at, updated_at) VALUES (11, 'Cross_Warehouse', 'DELIVERING', 'Internal restock: HCM → HN (low GPU stock at HN)', 3, 4, 1, 2, '2026-06-25 08:00:00', '2026-06-25 08:00:00');
INSERT IGNORE INTO transfer_details (id, quantity, product_id, transfer_id, created_at, updated_at) VALUES (11, 5, 3, 11, '2026-06-25 08:00:00', '2026-06-25 08:00:00');
INSERT IGNORE INTO transfers (id, transfer_type, status, remark, created_by_id, assigned_by_id, warehouse_id, warehouse_destination_id, created_at, updated_at) VALUES (12, 'Cross_Warehouse', 'COMPLETED', 'Internal restock: HN → DN (SSD replenishment)', 4, 2, 2, 3, '2026-06-18 08:00:00', '2026-06-18 08:00:00');
INSERT IGNORE INTO transfer_details (id, quantity, product_id, transfer_id, created_at, updated_at) VALUES (12, 10, 8, 12, '2026-06-18 08:00:00', '2026-06-18 08:00:00');
INSERT IGNORE INTO inventory_checks (id, status, remark, user_id, warehouse_id, created_at, updated_at) VALUES (1, 'IN_PROGRESS', 'Stocktake ST-0042', 3, 1, '2026-06-24 10:00:00', '2026-06-24 10:00:00');
INSERT IGNORE INTO inventory_check_details (id, actual_quantity, system_quantity, difference, remark, product_id, inventory_check_id, created_at, updated_at) VALUES (1, 39, 42, 3, 'Variance 3', 2, 1, '2026-06-24 10:00:00', '2026-06-24 10:00:00');
INSERT IGNORE INTO inventory_checks (id, status, remark, user_id, warehouse_id, created_at, updated_at) VALUES (2, 'COMPLETED', 'Stocktake ST-0041', 3, 1, '2026-06-20 10:00:00', '2026-06-20 10:00:00');
INSERT IGNORE INTO inventory_check_details (id, actual_quantity, system_quantity, difference, remark, product_id, inventory_check_id, created_at, updated_at) VALUES (2, 37, 38, 1, 'Variance 1', 3, 2, '2026-06-20 10:00:00', '2026-06-20 10:00:00');
INSERT IGNORE INTO inventory_checks (id, status, remark, user_id, warehouse_id, created_at, updated_at) VALUES (3, 'COMPLETED', 'Stocktake ST-0040', 4, 2, '2026-06-18 10:00:00', '2026-06-18 10:00:00');
INSERT IGNORE INTO inventory_check_details (id, actual_quantity, system_quantity, difference, remark, product_id, inventory_check_id, created_at, updated_at) VALUES (3, 52, 56, 4, 'Variance 4', 4, 3, '2026-06-18 10:00:00', '2026-06-18 10:00:00');
INSERT IGNORE INTO inventory_checks (id, status, remark, user_id, warehouse_id, created_at, updated_at) VALUES (4, 'PENDING', 'Stocktake ST-0039', 4, 3, '2026-06-15 10:00:00', '2026-06-15 10:00:00');
INSERT IGNORE INTO inventory_check_details (id, actual_quantity, system_quantity, difference, remark, product_id, inventory_check_id, created_at, updated_at) VALUES (4, 20, 20, 0, 'Variance 0', 5, 4, '2026-06-15 10:00:00', '2026-06-15 10:00:00');
INSERT IGNORE INTO inventory_checks (id, status, remark, user_id, warehouse_id, created_at, updated_at) VALUES (5, 'COMPLETED', 'Stocktake ST-0038', 3, 1, '2026-06-10 10:00:00', '2026-06-10 10:00:00');
INSERT IGNORE INTO inventory_check_details (id, actual_quantity, system_quantity, difference, remark, product_id, inventory_check_id, created_at, updated_at) VALUES (5, 62, 64, 2, 'Variance 2', 6, 5, '2026-06-10 10:00:00', '2026-06-10 10:00:00');
